<?xml version="1.0" encoding="UTF-8"?>
<beans xmlns="http://www.springframework.org/schema/beans"
       xmlns:xsi="http://www.w3.org/2001/XMLSchema-instance"
       xmlns:context="http://www.springframework.org/schema/context"
       xmlns:aop="http://www.springframework.org/schema/aop"
       xsi:schemaLocation="http://www.springframework.org/schema/beans
        https://www.springframework.org/schema/beans/spring-beans.xsd
        http://www.springframework.org/schema/context
        https://www.springframework.org/schema/context/spring-context.xsd
        http://www.springframework.org/schema/aop
        https://www.springframework.org/schema/aop/spring-aop.xsd">
    <!--注册bean-->
    <bean id="userService" class="cn.wugou.service.UserServiceImpl"/>
    <bean id="log" class="cn.wugou.log.Log"/>
    <bean id="afterLog" class="cn.wugou.log.AfterLog"/>
    <!--方式三-->
    <bean id="annotationPointCut" class="cn.wugou.diy.AnnotationPointCut" />
    <!--开启注解支持-->
    <aop:aspectj-autoproxy/>

    <!--方式一：使用原生SpringAPI接口-->
    <!--配置AOP-->
    <!-- <aop:config>
         &lt;!&ndash;切入点&ndash;&gt;
         <aop:pointcut id="pointcut" expression="execution(* cn.wugou.service.UserServiceImpl.*(..))"/>

         &lt;!&ndash;执行环绕增强&ndash;&gt;
         <aop:advisor advice-ref="log" pointcut-ref="pointcut" />
         <aop:advisor advice-ref="afterLog" pointcut-ref="pointcut" />
     </aop:config>-->

    <!--方式二：自定义类-->
   <!-- <bean id="diy" class="cn.wugou.diy.DiyPointCut">
    </bean>

    <aop:config>
        &lt;!&ndash;自定义切面，ref要引用的类&ndash;&gt;
        <aop:aspect ref="diy">
            &lt;!&ndash;切入点&ndash;&gt;
            <aop:pointcut id="point" expression="execution(* cn.wugou.service.UserServiceImpl.*(..))"/>
            &lt;!&ndash;通知&ndash;&gt;
            <aop:before method="before" pointcut-ref="point"/>
            <aop:after method="after" pointcut-ref="point"/>
        </aop:aspect>
    </aop:config>-->

</beans>